{
    "loss": 1.9721157550811768,
    "accuracy": 0.9568345546722412
}