{
    "loss": 0.47576773166656494,
    "accuracy": 0.9568345546722412
}